{"cameraMode":{"drawMode":0,"name":"Shaded","section":"Shading Mode"},"sceneLighting":true,"audioPlay":false,"sceneViewState":{"m_AlwaysRefresh":false,"showFog":true,"showSkybox":true,"showFlares":true,"showImageEffects":true,"showParticleSystems":true,"showVisualEffectGraphs":true,"m_FxEnabled":true},"in2DMode":false,"pivot":{"x":-16.412424087524415,"y":7.632285118103027,"z":-10.436773300170899},"rotation":{"x":-0.03566592186689377,"y":-0.6155199408531189,"z":0.027920102700591089,"w":-0.7868538498878479},"size":12.124357223510743,"orthographic":false}