{"cameraMode":{"drawMode":0,"name":"Shaded","section":"Shading Mode"},"sceneLighting":true,"audioPlay":false,"sceneViewState":{"m_AlwaysRefresh":false,"showFog":true,"showSkybox":true,"showFlares":true,"showImageEffects":true,"showParticleSystems":true,"showVisualEffectGraphs":true,"m_FxEnabled":true},"in2DMode":false,"pivot":{"x":4.843410968780518,"y":27.811208724975587,"z":54.036964416503909},"rotation":{"x":-0.014501082710921765,"y":0.3687286078929901,"z":0.005749848671257496,"w":0.9294180870056152},"size":4.766025543212891,"orthographic":false}